"path","file_name","extension","size_bytes","last_modified","matched_terms","notes"
"agrovision_ai/ARCHITECTURE.md","ARCHITECTURE.md",".md","2794","2026-05-16T05:47:21.6831689Z","labels.txt;resize;crop","Text content inspected"
"agrovision_ai/assets/data/agro_knowledge_base.json","agro_knowledge_base.json",".json","170504","2026-05-16T13:53:49.6876342Z","crop","Text content inspected"
"agrovision_ai/assets/data/diseases.json","diseases.json",".json","161829","2026-05-18T07:03:57.8291620Z","crop","Text content inspected"
"agrovision_ai/assets/model/labels.txt","labels.txt",".txt","99","2026-05-16T04:54:19.6852653Z","labels.txt","Text content inspected"
"agrovision_ai/assets/model/mango_model.tflite","mango_model.tflite",".tflite","44684752","2026-05-16T04:41:33.0178955Z","","Binary model artifact; content search skipped"
"agrovision_ai/docs/AI_DATASET_AND_MODEL_GUIDE.md","AI_DATASET_AND_MODEL_GUIDE.md",".md","10032","2026-05-16T13:54:08.6141990Z","labels.txt;Rescaling;resize;crop;augmentation;MobileNet;MobileNetV3;EfficientNet","Text content inspected"
"agrovision_ai/docs/MODEL_SPEC.md","MODEL_SPEC.md",".md","13482","2026-07-10T06:36:19.4993751Z","labels.txt;resize;crop;augmentation;MobileNet;MobileNetV3;EfficientNet;epochs","Text content inspected"
"agrovision_ai/pubspec.yaml","pubspec.yaml",".yaml","4261","2026-05-16T13:44:41.2783893Z","labels.txt","Text content inspected"
"agrovision_ai/README.md","README.md",".md","4118","2026-06-03T08:28:11.7864947Z","crop","Text content inspected"
